{"cameraMode":{"drawMode":0,"name":"Shaded","section":"Shading Mode"},"sceneLighting":true,"audioPlay":false,"sceneViewState":{"m_AlwaysRefresh":false,"showFog":true,"showSkybox":true,"showFlares":true,"showImageEffects":true,"showParticleSystems":true,"showVisualEffectGraphs":true,"m_FxEnabled":true},"in2DMode":false,"pivot":{"x":1.028691053390503,"y":0.6106047630310059,"z":2.221332550048828},"rotation":{"x":0.02988770790398121,"y":0.9552313685417175,"z":-0.10355956107378006,"w":0.2755039632320404},"size":3.0504961013793947,"orthographic":false}